{
  "Ultra Lotto 6/58": {
    "type": "lotto",
    "N": 58,
    "tested_draws": 300,
    "avg_best_matches": 1.4833333333333334,
    "tier3_draws": 20,
    "tier4_draws": 1,
    "tier5_draws": 0,
    "tier6_draws": 0,
    "per_combo": {
      "Frequency Leaders": {
        "avg_matches": 0.6066666666666667,
        "t3": 3,
        "t4": 0,
        "t5": 0,
        "t6": 0,
        "draws": 300
      },
      "Hot + Overdue Balance": {
        "avg_matches": 0.5366666666666666,
        "t3": 1,
        "t4": 0,
        "t5": 0,
        "t6": 0,
        "draws": 300
      },
      "Weighted Pick 1": {
        "avg_matches": 0.61,
        "t3": 6,
        "t4": 1,
        "t5": 0,
        "t6": 0,
        "draws": 300
      },
      "Weighted Pick 2": {
        "avg_matches": 0.6033333333333334,
        "t3": 4,
        "t4": 0,
        "t5": 0,
        "t6": 0,
        "draws": 300
      },
      "Weighted Pick 3": {
        "avg_matches": 0.6333333333333333,
        "t3": 2,
        "t4": 0,
        "t5": 0,
        "t6": 0,
        "draws": 300
      },
      "Golden Ratio (control)": {
        "avg_matches": 0.65,
        "t3": 5,
        "t4": 0,
        "t5": 0,
        "t6": 0,
        "draws": 300
      }
    },
    "baseline_avg_matches_per_combo": 0.6206896551724138,
    "baseline_p3_per_combo": 0.011419367803985822,
    "baseline_tier3_draws_5combos": 16.742287697964684
  },
  "Grand Lotto 6/55": {
    "type": "lotto",
    "N": 55,
    "tested_draws": 300,
    "avg_best_matches": 1.5533333333333332,
    "tier3_draws": 21,
    "tier4_draws": 1,
    "tier5_draws": 0,
    "tier6_draws": 0,
    "per_combo": {
      "Frequency Leaders": {
        "avg_matches": 0.6033333333333334,
        "t3": 4,
        "t4": 0,
        "t5": 0,
        "t6": 0,
        "draws": 300
      },
      "Hot + Overdue Balance": {
        "avg_matches": 0.6466666666666666,
        "t3": 3,
        "t4": 0,
        "t5": 0,
        "t6": 0,
        "draws": 300
      },
      "Weighted Pick 1": {
        "avg_matches": 0.6233333333333333,
        "t3": 7,
        "t4": 1,
        "t5": 0,
        "t6": 0,
        "draws": 300
      },
      "Weighted Pick 2": {
        "avg_matches": 0.62,
        "t3": 4,
        "t4": 0,
        "t5": 0,
        "t6": 0,
        "draws": 300
      },
      "Weighted Pick 3": {
        "avg_matches": 0.62,
        "t3": 2,
        "t4": 0,
        "t5": 0,
        "t6": 0,
        "draws": 300
      },
      "Golden Ratio (control)": {
        "avg_matches": 0.6233333333333333,
        "t3": 3,
        "t4": 0,
        "t5": 0,
        "t6": 0,
        "draws": 300
      }
    },
    "baseline_avg_matches_per_combo": 0.6545454545454545,
    "baseline_p3_per_combo": 0.013329400898768268,
    "baseline_tier3_draws_5combos": 19.468140158992654
  },
  "Super Lotto 6/49": {
    "type": "lotto",
    "N": 49,
    "tested_draws": 300,
    "avg_best_matches": 1.6666666666666667,
    "tier3_draws": 27,
    "tier4_draws": 2,
    "tier5_draws": 0,
    "tier6_draws": 0,
    "per_combo": {
      "Frequency Leaders": {
        "avg_matches": 0.71,
        "t3": 8,
        "t4": 0,
        "t5": 0,
        "t6": 0,
        "draws": 300
      },
      "Hot + Overdue Balance": {
        "avg_matches": 0.7166666666666667,
        "t3": 2,
        "t4": 1,
        "t5": 0,
        "t6": 0,
        "draws": 300
      },
      "Weighted Pick 1": {
        "avg_matches": 0.7266666666666667,
        "t3": 4,
        "t4": 0,
        "t5": 0,
        "t6": 0,
        "draws": 300
      },
      "Weighted Pick 2": {
        "avg_matches": 0.72,
        "t3": 5,
        "t4": 1,
        "t5": 0,
        "t6": 0,
        "draws": 300
      },
      "Weighted Pick 3": {
        "avg_matches": 0.7533333333333333,
        "t3": 4,
        "t4": 0,
        "t5": 0,
        "t6": 0,
        "draws": 300
      },
      "Golden Ratio (control)": {
        "avg_matches": 0.7366666666666667,
        "t3": 5,
        "t4": 0,
        "t5": 0,
        "t6": 0,
        "draws": 300
      }
    },
    "baseline_avg_matches_per_combo": 0.7346938775510204,
    "baseline_p3_per_combo": 0.01863754500202234,
    "baseline_tier3_draws_5combos": 26.933484645847873
  },
  "Mega Lotto 6/45": {
    "type": "lotto",
    "N": 45,
    "tested_draws": 300,
    "avg_best_matches": 1.73,
    "tier3_draws": 32,
    "tier4_draws": 5,
    "tier5_draws": 0,
    "tier6_draws": 0,
    "per_combo": {
      "Frequency Leaders": {
        "avg_matches": 0.91,
        "t3": 11,
        "t4": 3,
        "t5": 0,
        "t6": 0,
        "draws": 300
      },
      "Hot + Overdue Balance": {
        "avg_matches": 0.86,
        "t3": 10,
        "t4": 2,
        "t5": 0,
        "t6": 0,
        "draws": 300
      },
      "Weighted Pick 1": {
        "avg_matches": 0.76,
        "t3": 4,
        "t4": 0,
        "t5": 0,
        "t6": 0,
        "draws": 300
      },
      "Weighted Pick 2": {
        "avg_matches": 0.78,
        "t3": 8,
        "t4": 0,
        "t5": 0,
        "t6": 0,
        "draws": 300
      },
      "Weighted Pick 3": {
        "avg_matches": 0.7766666666666666,
        "t3": 3,
        "t4": 0,
        "t5": 0,
        "t6": 0,
        "draws": 300
      },
      "Golden Ratio (control)": {
        "avg_matches": 0.7233333333333334,
        "t3": 4,
        "t4": 0,
        "t5": 0,
        "t6": 0,
        "draws": 300
      }
    },
    "baseline_avg_matches_per_combo": 0.8,
    "baseline_p3_per_combo": 0.023834078570323606,
    "baseline_tier3_draws_5combos": 34.087064011140875
  },
  "Lotto 6/42": {
    "type": "lotto",
    "N": 42,
    "tested_draws": 300,
    "avg_best_matches": 1.8966666666666667,
    "tier3_draws": 55,
    "tier4_draws": 5,
    "tier5_draws": 0,
    "tier6_draws": 0,
    "per_combo": {
      "Frequency Leaders": {
        "avg_matches": 0.83,
        "t3": 12,
        "t4": 1,
        "t5": 0,
        "t6": 0,
        "draws": 300
      },
      "Hot + Overdue Balance": {
        "avg_matches": 0.8333333333333334,
        "t3": 8,
        "t4": 2,
        "t5": 0,
        "t6": 0,
        "draws": 300
      },
      "Weighted Pick 1": {
        "avg_matches": 0.81,
        "t3": 9,
        "t4": 3,
        "t5": 0,
        "t6": 0,
        "draws": 300
      },
      "Weighted Pick 2": {
        "avg_matches": 0.8533333333333334,
        "t3": 11,
        "t4": 0,
        "t5": 0,
        "t6": 0,
        "draws": 300
      },
      "Weighted Pick 3": {
        "avg_matches": 0.8733333333333333,
        "t3": 11,
        "t4": 1,
        "t5": 0,
        "t6": 0,
        "draws": 300
      },
      "Golden Ratio (control)": {
        "avg_matches": 0.8333333333333334,
        "t3": 11,
        "t4": 0,
        "t5": 0,
        "t6": 0,
        "draws": 300
      }
    },
    "baseline_avg_matches_per_combo": 0.8571428571428571,
    "baseline_p3_per_combo": 0.02906466256915551,
    "baseline_tier3_draws_5combos": 41.13532335278531
  },
  "4D Lotto": {
    "type": "digit",
    "positions": 4,
    "tested_draws": 300,
    "avg_best_matches": 1.18,
    "baseline_avg_matches_per_combo": 0.4,
    "tier_draws": {
      "2": 19,
      "3": 0,
      "4": 0
    },
    "per_combo": {
      "Frequency Leaders": {
        "avg_matches": 0.42333333333333334,
        "draws": 300
      },
      "Hot + Overdue Balance": {
        "avg_matches": 0.41333333333333333,
        "draws": 300
      },
      "Weighted Pick 1": {
        "avg_matches": 0.39,
        "draws": 300
      },
      "Weighted Pick 2": {
        "avg_matches": 0.43666666666666665,
        "draws": 300
      },
      "Weighted Pick 3": {
        "avg_matches": 0.32,
        "draws": 300
      },
      "Golden Ratio (control)": {
        "avg_matches": 0.38666666666666666,
        "draws": 300
      }
    }
  },
  "6D Lotto": {
    "type": "digit",
    "positions": 6,
    "tested_draws": 300,
    "avg_best_matches": 1.5833333333333333,
    "baseline_avg_matches_per_combo": 0.6,